,City Name,Lat,Long,Max Temp,Humidity,Cloudiness,Wind Speed,Country,Date
0,richards bay,-28.78,32.04,70.56,78,19,17.54,ZA,1602812551
1,sisimiut,66.94,-53.67,39.6,70,100,9.06,GL,1602812491
2,sorong,-0.88,131.25,83.46,70,99,4.7,ID,1602812652
3,jamestown,42.1,-79.24,46.99,93,90,10.29,US,1602812653
4,yellowknife,62.46,-114.35,26.01,73,75,20.8,CA,1602812654
5,carnarvon,-24.87,113.63,71.6,64,0,20.8,AU,1602812655
6,east london,-33.02,27.91,64.08,77,13,10.92,ZA,1602812544
7,kushima,31.46,131.23,71.6,60,75,6.93,JP,1602812658
8,marsa matruh,31.35,27.25,64.4,77,0,2.33,EG,1602812659
9,vila velha,-20.33,-40.29,75.99,78,90,12.75,BR,1602812660
10,cape town,-33.93,18.42,60.01,67,100,11.41,ZA,1602812418
11,cabo san lucas,22.89,-109.91,86.0,78,5,10.29,MX,1602812433
12,arraial do cabo,-22.97,-42.03,71.24,88,87,12.82,BR,1602812663
13,necochea,-38.55,-58.74,53.01,95,0,8.01,AR,1602812664
14,dikson,73.51,80.55,31.42,95,89,16.93,RU,1602812445
15,gat,31.61,34.76,73.0,75,51,3.89,IL,1602812664
16,rikitea,-23.12,-134.97,74.34,76,100,15.12,PF,1602812668
17,kushiro,42.98,144.37,53.6,60,20,9.17,JP,1602812598
18,saskylakh,71.92,114.08,18.39,96,100,11.81,RU,1602812670
19,pochutla,15.74,-96.47,79.0,84,100,3.0,MX,1602812671
20,ushuaia,-54.8,-68.3,39.2,93,75,4.7,AR,1602812672
21,maniitsoq,65.42,-52.9,39.69,73,100,20.13,GL,1602812673
22,atuona,-9.8,-139.03,78.78,75,1,19.82,PF,1602812675
23,busselton,-33.65,115.33,66.99,42,65,7.02,AU,1602812676
24,tadine,-21.55,167.88,73.63,73,100,8.77,NC,1602812677
25,hami,42.8,93.45,51.1,38,0,4.88,CN,1602812678
26,evensk,61.95,159.23,36.81,88,100,5.97,RU,1602812679
27,nong khai,17.92,103.08,81.0,100,75,6.93,TH,1602812680
28,ordu,40.91,37.68,62.6,100,40,1.12,TR,1602812681
29,mataura,-46.19,168.86,57.99,54,100,15.99,NZ,1602812683
30,ribeira grande,38.52,-28.7,69.15,84,94,14.9,PT,1602812685
31,sokolo,14.73,-6.12,84.52,29,97,5.77,ML,1602812686
32,puerto escondido,15.85,-97.07,82.4,69,75,8.05,MX,1602812687
33,tuatapere,-46.13,167.68,57.99,54,100,15.99,NZ,1602812404
34,mount gambier,-37.83,140.77,57.2,62,75,17.22,AU,1602812689
35,kendari,-3.94,122.5,88.43,51,98,3.44,ID,1602812690
36,nieuw amsterdam,5.88,-55.08,82.0,87,53,3.0,SR,1602812691
37,mawlaik,23.63,94.42,83.55,62,0,1.57,MM,1602812693
38,bredasdorp,-34.53,20.04,48.2,93,100,4.7,ZA,1602812694
39,chuy,-33.7,-53.46,57.79,90,100,7.38,UY,1602812695
40,kaspiysk,42.88,47.64,48.2,81,74,4.47,RU,1602812696
41,nanortalik,60.14,-45.24,40.32,70,100,5.19,GL,1602812444
42,faanui,-16.48,-151.75,79.77,76,0,9.55,PF,1602812523
43,upernavik,72.79,-56.15,29.05,86,89,3.78,GL,1602812434
44,la ronge,55.1,-105.28,24.8,58,90,14.99,CA,1602812700
45,oga,46.46,10.35,39.99,100,75,1.12,IT,1602812702
46,olinda,-8.01,-34.86,80.6,69,75,6.93,BR,1602812441
47,kaitangata,-46.28,169.85,60.01,41,100,3.0,NZ,1602812439
48,mar del plata,-38.0,-57.56,55.99,100,90,10.29,AR,1602812692
49,sao paulo de olivenca,-3.38,-68.87,74.25,95,90,2.55,BR,1602812706
50,buraydah,26.33,43.98,64.4,42,0,3.36,SA,1602812708
51,harindanga,22.04,88.32,82.4,94,16,5.26,IN,1602812709
52,port alfred,-33.59,26.89,61.47,83,64,7.63,ZA,1602812535
53,nikolskoye,59.7,30.79,39.0,86,75,8.95,RU,1602812711
54,cherskiy,68.75,161.3,35.15,85,18,3.15,RU,1602812689
55,kruisfontein,-34.0,24.73,55.99,95,100,1.01,ZA,1602812715
56,albany,42.6,-73.97,64.99,67,86,3.29,US,1602812716
57,chokurdakh,70.63,147.92,30.76,99,100,11.01,RU,1602812717
58,qaanaaq,77.48,-69.36,24.26,83,29,6.46,GL,1602812718
59,pangai,-19.8,-174.35,80.6,69,75,12.75,TO,1602812720
60,iqaluit,63.75,-68.51,35.01,100,90,4.7,CA,1602812721
61,manjacaze,-24.71,33.88,63.05,85,0,7.99,MZ,1602812531
62,makow mazowiecki,52.86,21.1,44.01,99,12,1.99,PL,1602812724
63,lompoc,34.64,-120.46,78.01,44,1,5.28,US,1602812726
64,batesville,35.77,-91.64,59.0,62,20,3.83,US,1602812727
65,eganville,45.53,-77.1,50.0,71,20,5.82,CA,1602812728
66,tiksi,71.69,128.87,24.01,97,96,4.03,RU,1602812621
67,pong,19.15,100.28,77.0,94,75,1.12,TH,1602812730
68,petropavlovsk-kamchatskiy,53.05,158.65,46.4,52,75,4.47,RU,1602812731
69,vostok,46.49,135.88,37.76,67,0,11.52,RU,1602812660
70,airai,-8.93,125.41,80.11,36,99,2.62,TL,1602812734
71,labuhan,-6.88,112.21,86.32,61,46,8.57,ID,1602812735
72,lebu,-37.62,-73.65,50.79,81,0,12.95,CL,1602812736
73,port augusta,-32.5,137.77,77.0,88,40,4.7,AU,1602812738
74,barstow,34.9,-117.02,87.8,11,1,3.36,US,1602812738
75,miri,4.41,114.01,82.4,78,40,5.82,MY,1602812741
76,punta arenas,-53.15,-70.92,44.6,75,16,24.16,CL,1602812742
77,geraldton,-28.77,114.6,68.0,60,36,10.29,AU,1602812743
78,aasiaat,68.71,-52.87,34.03,86,100,10.69,GL,1602812744
79,vaini,-21.2,-175.2,78.8,83,75,9.17,TO,1602812745
80,fairlie,55.76,-4.86,44.6,81,90,4.7,GB,1602812747
81,avarua,-21.21,-159.78,75.2,53,100,6.93,CK,1602812748
82,vardo,70.37,31.11,37.33,80,100,20.36,NO,1602812524
83,bontang,0.13,117.5,82.6,75,100,0.4,ID,1602812489
84,dombarovskiy,50.76,59.54,51.26,44,100,10.87,RU,1602812752
85,hobart,-42.88,147.33,53.01,45,75,4.7,AU,1602812562
86,khatanga,71.97,102.5,3.36,94,35,8.08,RU,1602812755
87,bluff,-46.6,168.33,57.99,54,100,15.99,NZ,1602812756
88,pevek,69.7,170.31,36.34,85,100,14.67,RU,1602812757
89,cap malheureux,-19.98,57.61,71.01,80,1,1.99,MU,1602812758
90,hualmay,-11.1,-77.61,62.96,81,27,4.85,PE,1602812759
91,hermanus,-34.42,19.23,57.99,84,99,5.99,ZA,1602812760
92,stralsund,54.31,13.08,50.0,79,75,1.01,DE,1602812762
93,yerbogachen,61.28,108.01,23.88,88,2,13.6,RU,1602812763
94,namatanai,-3.67,152.43,84.83,68,84,5.93,PG,1602812764
95,dingle,11.0,122.67,80.22,84,100,6.67,PH,1602812647
96,buluang,13.31,123.34,85.21,68,93,1.79,PH,1602812766
97,mobaye,4.32,21.18,70.66,95,100,1.79,CF,1602812767
98,aykhal,66.0,111.5,14.0,85,0,8.95,RU,1602812768
99,sioux lookout,50.1,-91.92,32.0,88,75,12.75,CA,1602812770
100,borazjan,29.27,51.22,65.01,58,0,2.1,IR,1602812771
101,praxedis guerrero,31.37,-106.02,77.0,17,40,9.17,MX,1602812773
102,aquiraz,-3.9,-38.39,80.6,78,40,12.75,BR,1602812774
103,sitka,57.05,-135.33,48.2,61,90,10.29,US,1602812775
104,grand gaube,-20.01,57.66,71.01,80,0,1.99,MU,1602812627
105,kushnarenkovo,55.1,55.35,53.6,46,90,15.66,RU,1602812778
106,cascais,38.7,-9.42,57.0,93,0,13.82,PT,1602812619
107,rochegda,62.8,43.25,32.77,96,100,4.72,RU,1602812780
108,fort nelson,58.81,-122.7,28.4,86,75,3.36,CA,1602812702
109,kulhudhuffushi,6.62,73.07,82.11,74,98,17.05,MV,1602812782
110,tilichiki,60.47,166.1,36.28,83,100,17.47,RU,1602812783
111,luderitz,-26.65,15.16,66.51,43,0,12.57,NA,1602812784
112,shingu,33.73,135.98,68.0,56,75,6.93,JP,1602812786
113,bengkulu,-3.8,102.27,83.5,68,64,2.48,ID,1602812675
114,gewane,10.17,40.65,81.5,37,0,4.59,ET,1602812788
115,saint-philippe,-21.36,55.77,69.8,56,20,6.93,RE,1602812789
116,kaeng khoi,14.59,101.0,78.01,94,100,1.99,TH,1602812790
117,san jose,37.34,-121.89,89.6,15,20,5.82,US,1602812640
118,butaritari,3.07,172.79,82.53,73,100,11.12,KI,1602812792
119,viedma,-40.81,-63.0,61.0,58,0,1.99,AR,1602812794
120,kiel,54.32,10.13,46.4,70,66,6.93,DE,1602812795
121,emba,48.83,58.14,50.2,48,100,6.98,KZ,1602812796
122,ponta do sol,32.67,-17.1,68.0,72,40,6.93,PT,1602812797
123,esperance,-33.87,121.9,60.8,82,75,10.29,AU,1602812798
124,kavieng,-2.57,150.8,84.2,71,95,9.84,PG,1602812799
125,port lincoln,-34.73,135.87,59.41,81,100,6.98,AU,1602812645
126,sechura,-5.56,-80.82,66.76,77,4,12.77,PE,1602812803
127,alta floresta,-9.88,-56.09,81.57,49,73,3.71,BR,1602812804
128,amapa,1.0,-52.0,73.35,85,0,2.82,BR,1602812805
129,norman wells,65.28,-126.83,17.6,78,20,4.7,CA,1602812580
130,mahon,39.89,4.27,51.8,87,63,6.93,ES,1602812807
131,hamilton,39.18,-84.53,50.0,81,90,12.75,US,1602812514
132,hithadhoo,-0.6,73.08,82.49,73,100,18.95,MV,1602812809
133,new norfolk,-42.78,147.06,53.01,56,72,1.01,AU,1602812811
134,estelle,29.85,-90.11,78.01,91,12,5.88,US,1602812812
135,tura,25.52,90.22,79.86,80,0,1.88,IN,1602812814
136,bonavista,48.65,-53.11,53.01,78,0,4.0,CA,1602812539
137,rudbar,30.15,62.6,48.25,49,0,5.06,AF,1602812816
138,salinopolis,-0.61,-47.36,80.56,78,14,12.71,BR,1602812817
139,inhambane,-23.86,35.38,66.02,82,0,3.85,MZ,1602812818
140,berlevag,70.86,29.09,35.92,85,100,17.74,NO,1602812820
141,tuktoyaktuk,69.45,-133.04,19.4,79,90,12.75,CA,1602812821
142,tambura,5.6,27.47,69.4,97,100,3.04,SS,1602812822
143,ancud,-41.87,-73.82,48.2,76,23,2.24,CL,1602812824
144,georgetown,5.41,100.34,78.8,94,40,3.36,MY,1602812709
145,edinet,48.17,27.3,51.01,87,95,3.09,MD,1602812826
146,chalus,36.66,51.42,57.2,76,4,4.7,IR,1602812828
147,poum,-20.23,164.02,72.5,82,100,12.93,NC,1602812829
148,victoria,22.29,114.16,82.0,69,82,3.0,HK,1602812773
149,odweyne,9.41,45.06,71.29,58,4,3.38,SO,1602812831
150,barrow,71.29,-156.79,24.8,79,90,13.87,US,1602812832
151,kloulklubed,7.04,134.26,84.13,73,52,5.82,PW,1602812833
152,tautira,-17.73,-149.15,82.4,54,75,12.75,PF,1602812834
153,carballo,43.21,-8.69,45.0,100,32,2.24,ES,1602812836
154,dunedin,-45.87,170.5,48.0,78,100,4.0,NZ,1602812539
155,bongaree,-27.08,153.16,84.0,43,0,9.17,AU,1602812838
156,shelburne,44.08,-80.2,48.2,81,90,4.7,CA,1602812839
157,pacasmayo,-7.4,-79.57,63.81,81,42,9.62,PE,1602812840
158,charlestown,-32.95,151.67,75.0,73,97,10.98,AU,1602812841
159,ust-kuyga,70.02,135.6,15.66,95,89,5.12,RU,1602812843
160,pangody,65.85,74.49,29.93,91,100,11.07,RU,1602812844
161,ikwiriri,-7.96,38.97,72.03,95,11,1.3,TZ,1602812845
162,hilo,19.73,-155.09,86.0,58,1,14.99,US,1602812846
163,ucluelet,48.93,-125.55,53.01,100,90,6.93,CA,1602812733
164,kapaa,22.08,-159.32,84.0,74,20,12.75,US,1602812848
165,zambezi,-13.54,23.1,66.79,76,9,2.15,ZM,1602812851
166,solsona,41.99,1.52,44.01,74,0,3.0,ES,1602812852
167,amambai,-23.1,-55.23,66.76,96,73,3.4,BR,1602812854
168,portland,45.52,-122.68,61.0,69,0,4.9,US,1602812561
169,kahului,20.89,-156.47,91.4,43,40,10.29,US,1602812637
170,maningrida,-12.07,134.27,87.06,57,29,11.43,AU,1602812857
171,victor harbor,-35.57,138.62,57.99,86,100,8.08,AU,1602812811
172,dzilam gonzalez,21.28,-88.93,74.57,86,0,4.52,MX,1602812859
173,paamiut,61.99,-49.67,39.16,75,100,21.65,GL,1602812605
174,puerto ayora,-0.74,-90.35,71.01,88,58,4.0,EC,1602812862
175,kungurtug,50.6,97.52,34.86,76,100,0.78,RU,1602812863
176,mahebourg,-20.41,57.7,69.8,94,40,5.97,MU,1602812864
177,carauari,-4.88,-66.9,73.67,97,30,1.43,BR,1602812865
178,sao jose da coroa grande,-8.9,-35.15,75.15,79,98,7.18,BR,1602812867
179,pisco,-13.7,-76.22,63.0,88,89,5.82,PE,1602812664
180,onguday,50.75,86.15,39.58,67,100,1.34,RU,1602812618
181,qandala,11.47,49.87,80.02,59,1,1.21,SO,1602812871
182,walvis bay,-22.96,14.51,57.99,93,96,2.24,NA,1602812872
183,great yarmouth,52.61,1.73,52.0,83,96,5.99,GB,1602812873
184,shimoda,34.67,138.95,68.0,67,75,23.04,JP,1602812874
185,yar-sale,66.83,70.83,30.36,92,100,8.19,RU,1602812736
186,ahipara,-35.17,173.17,57.56,70,53,6.78,NZ,1602812603
187,erbaa,40.67,36.57,57.2,93,0,3.36,TR,1602812877
188,vao,-22.67,167.48,71.67,80,100,15.75,NC,1602812878
189,moanda,-1.56,13.22,70.47,98,100,1.68,GA,1602812695
190,karratha,-20.74,116.85,92.52,21,0,9.46,AU,1602812881
191,kalach-na-donu,48.69,43.53,46.4,93,100,4.47,RU,1602812882
192,provideniya,64.38,-173.3,44.6,81,90,24.61,RU,1602812658
193,baie-comeau,49.22,-68.15,48.2,81,90,8.05,CA,1602812720
194,polovinnoye,54.79,65.99,45.3,57,84,12.88,RU,1602812885
195,victoria point,-27.58,153.3,82.99,55,0,5.01,AU,1602812886
196,san isidro,-12.12,-77.05,64.4,77,90,10.29,PE,1602812887
197,rudabanya,48.38,20.63,46.4,87,90,13.87,HU,1602812888
198,birao,10.28,22.79,72.84,86,67,3.78,CF,1602812892
199,ruhengeri,-1.5,29.64,57.76,73,8,1.61,RW,1602812894
200,omboue,-1.57,9.26,73.42,85,76,4.85,GA,1602812895
201,berbera,10.44,45.01,82.6,65,0,1.16,SO,1602812896
202,balsas,-7.53,-46.04,81.3,29,0,1.3,BR,1602812824
203,comodoro rivadavia,-45.87,-67.5,57.2,62,26,2.93,AR,1602812899
204,pretoria,-25.74,28.19,64.0,87,0,1.12,ZA,1602812900
205,ampanihy,-24.7,44.75,65.23,87,100,7.72,MG,1602812902
206,san luis,-33.3,-66.34,67.48,43,14,11.43,AR,1602812903
207,lagos,6.58,3.75,75.9,92,68,4.7,NG,1602812791
208,suzun,53.78,82.31,42.98,88,84,5.68,RU,1602812905
209,ketchikan,55.34,-131.65,44.6,93,90,11.41,US,1602812906
210,talnakh,69.49,88.4,21.2,92,90,15.66,RU,1602812908
211,gizo,-8.1,156.84,83.79,69,74,3.56,SB,1602812753
212,katsuura,35.13,140.3,61.0,54,99,11.01,JP,1602812910
213,saint george,37.1,-113.58,77.0,13,1,20.8,US,1602812861
214,luganville,-15.53,167.17,84.2,58,40,6.93,VU,1602812914
215,nantucket,41.28,-70.1,61.0,93,1,10.29,US,1602812828
216,katsuyama,36.06,136.5,66.2,45,20,16.11,JP,1602812916
217,nuuk,64.18,-51.72,44.6,65,100,17.22,GL,1602812917
218,bethel,41.37,-73.41,62.6,82,20,8.05,US,1602812918
219,sol-iletsk,51.16,54.99,52.02,44,100,11.92,RU,1602812919
220,chimbote,-9.09,-78.58,62.15,84,8,6.24,PE,1602812832
221,kodiak,57.79,-152.41,50.0,43,1,11.41,US,1602812922
222,castro,-24.79,-50.01,59.45,95,100,7.92,BR,1602812840
223,havelock,34.88,-76.9,75.0,90,20,6.29,US,1602812715
224,russell,32.35,-85.2,69.8,93,1,2.71,US,1602812926
225,port macquarie,-31.43,152.92,86.0,40,100,1.99,AU,1602812693
226,lorengau,-2.02,147.27,83.73,72,100,4.7,PG,1602812928
227,fairbanks,64.84,-147.72,23.0,62,75,6.93,US,1602812929
228,batagay,67.63,134.63,16.14,91,34,1.88,RU,1602812931
229,manggar,-2.88,108.27,82.83,74,100,9.26,ID,1602812932
230,broome,42.25,-75.83,57.99,82,90,16.11,US,1602812933
231,saldanha,-33.01,17.94,59.47,77,96,10.8,ZA,1602812934
232,kamnik,46.23,14.61,44.01,93,90,2.24,SI,1602812936
233,shaygino,57.77,46.86,45.64,79,100,11.07,RU,1602812937
234,tonekabon,36.82,50.87,57.2,87,20,0.98,IR,1602812938
235,zharkent,44.16,80.0,50.18,47,0,2.82,KZ,1602812940
236,south sioux city,42.47,-96.41,46.0,52,1,6.93,US,1602812941
237,iquique,-20.22,-70.14,62.6,72,40,11.41,CL,1602812673
238,santa lucia,27.91,-15.54,71.6,78,75,9.17,ES,1602812748
239,solnechnyy,50.72,136.63,37.94,63,37,10.49,RU,1602812944
240,rincon,32.3,-81.24,75.2,83,75,6.93,US,1602812869
241,tiarei,-17.53,-149.33,82.0,65,75,17.22,PF,1602812946
242,lingao,19.91,109.69,78.94,84,100,24.4,CN,1602812948
243,sorumsand,59.99,11.24,41.0,80,0,4.7,NO,1602812950
244,vestmannaeyjar,63.44,-20.27,47.64,78,100,6.31,IS,1602812951
245,port elizabeth,-33.92,25.57,59.0,93,90,4.7,ZA,1602812895
246,elko,41.0,-115.5,60.8,15,1,8.05,US,1602812953
247,abomey,7.18,1.99,71.64,99,49,4.59,BJ,1602812954
248,tarko-sale,64.92,77.78,30.04,93,100,13.67,RU,1602812956
249,methoni,36.82,21.7,66.99,93,20,15.59,GR,1602812957
250,vagur,61.47,-6.81,47.32,77,100,8.25,FO,1602812958
251,palauig,15.44,119.9,86.07,64,93,2.8,PH,1602812889
252,oksovskiy,62.61,39.9,33.89,94,62,5.26,RU,1602812960
253,ewa beach,21.32,-158.01,84.2,66,20,6.93,US,1602812961
254,constitucion,-35.33,-72.42,57.58,80,0,6.73,CL,1602812962
255,wlodawa,51.55,23.55,41.0,100,0,3.65,PL,1602812963
256,peru,40.75,-86.07,44.01,86,1,5.82,US,1602812964
257,sao filipe,14.9,-24.5,81.3,77,19,11.39,CV,1602812966
258,salamanca,40.83,-6.0,44.01,86,0,2.24,ES,1602812967
259,mayor pablo lagerenza,-19.93,-60.77,68.58,78,55,6.49,PY,1602812968
260,cockburn town,21.46,-71.14,83.41,79,4,16.33,TC,1602812689
261,jumla,29.27,82.18,58.59,44,0,3.22,NP,1602812970
262,riyadh,24.69,46.72,64.4,27,0,3.36,SA,1602812823
263,esil,51.96,66.4,46.83,53,61,8.57,KZ,1602812972
264,deer lake,49.17,-57.43,42.8,93,20,4.7,CA,1602812839
265,thompson,55.74,-97.86,28.4,68,90,14.99,CA,1602812977
266,deputatskiy,69.3,139.9,15.1,97,100,5.53,RU,1602812978
267,malakal,9.53,31.66,73.17,85,0,2.44,SS,1602812979
268,ekhabi,53.51,142.97,37.02,72,100,21.5,RU,1602812980
269,bambanglipuro,-7.95,110.28,82.24,72,83,8.81,ID,1602812982
270,novomikhaylovskiy,44.26,38.86,63.82,79,8,4.21,RU,1602812983
271,oxford,51.75,-1.26,46.0,93,100,5.82,GB,1602812985
272,tucupita,9.06,-62.05,76.12,88,0,3.98,VE,1602812986
273,avera,33.19,-82.53,71.6,79,90,4.7,US,1602812987
274,la palma,33.85,-118.05,89.6,24,1,5.82,US,1602812989
275,papanasam,10.93,79.28,78.8,78,40,5.82,IN,1602812990
276,iquitos,-3.75,-73.25,73.9,95,100,1.45,PE,1602812735
277,moose factory,51.26,-80.61,33.8,96,90,11.41,CA,1602812993
278,aklavik,68.22,-135.01,21.2,79,75,4.7,CA,1602812994
279,naze,28.37,129.48,82.4,61,20,9.17,JP,1602812995
280,greenfield,42.96,-88.01,45.0,35,1,4.7,US,1602812861
281,luena,-11.78,19.92,63.46,90,100,2.55,AO,1602812997
282,morondava,-20.28,44.28,77.58,77,8,7.09,MG,1602812998
283,ilulissat,69.22,-51.1,35.6,69,99,5.82,GL,1602812999
284,acapulco,16.86,-99.89,84.2,83,90,3.36,MX,1602813000
285,baker city,44.77,-117.83,50.0,43,1,5.82,US,1602812953
286,yulara,-25.24,130.99,91.4,15,1,12.75,AU,1602812823
287,tambun,-6.26,107.07,86.0,70,40,5.82,ID,1602813004
288,batemans bay,-35.72,150.18,61.0,91,100,3.0,AU,1602813005
289,makushino,55.21,67.24,45.21,57,91,13.2,RU,1602813006
290,mabai,23.01,104.45,57.06,100,100,3.53,CN,1602813008
291,energetik,51.74,58.79,49.59,48,100,10.33,RU,1602813009
292,zyryanka,65.75,150.85,25.68,97,100,21.07,RU,1602813011
293,juneau,58.3,-134.42,46.4,81,90,3.65,US,1602812783
294,ifakara,-8.13,36.68,72.37,82,0,3.33,TZ,1602813013
295,vila franca do campo,37.72,-25.43,64.4,82,40,6.93,PT,1602813014
296,cayenne,4.93,-52.33,80.6,78,92,5.82,GF,1602812748
297,urusha,54.05,122.9,33.19,82,68,7.38,RU,1602813016
298,yamada,39.47,141.95,57.33,48,68,5.08,JP,1602813017
299,svetlyy,54.67,20.13,48.2,87,75,4.47,RU,1602813018
300,bressuire,46.92,-0.5,43.0,88,0,5.82,FR,1602813020
301,fare,-16.7,-151.02,79.7,76,1,13.51,PF,1602813021
302,plouzane,48.38,-4.62,46.4,100,40,2.24,FR,1602813022
303,cidreira,-30.18,-50.21,65.3,81,92,8.28,BR,1602813023
304,kaufbeuren,47.88,10.62,43.0,93,100,4.7,DE,1602813024
305,turayf,31.67,38.66,62.6,39,0,6.93,SA,1602813025
306,santa cruz cabralia,-16.28,-39.02,77.0,78,20,6.93,BR,1602813026
307,falmouth,50.15,-5.07,48.99,87,12,11.41,GB,1602813028
308,muisne,0.6,-80.03,75.36,85,68,8.01,EC,1602813029
309,novoagansk,61.94,76.66,30.33,96,100,9.33,RU,1602813030
310,molo,-0.25,35.74,49.23,77,0,2.98,KE,1602813031
311,hindaun,26.72,77.02,77.97,26,4,5.06,IN,1602813033
312,askarovo,53.34,58.51,55.4,32,40,17.9,RU,1602813034
313,luwuk,-0.95,122.79,85.23,65,98,3.31,ID,1602813036
314,cairns,-16.92,145.77,75.99,78,90,14.99,AU,1602812812
315,davila,18.47,120.58,86.0,74,75,3.36,PH,1602813039
316,grindavik,63.84,-22.43,48.2,81,90,6.93,IS,1602813040
317,tobol,52.68,62.58,50.0,48,99,11.36,KZ,1602813041
318,los llanos de aridane,28.66,-17.92,73.4,69,90,3.36,ES,1602813042
319,pacific grove,36.62,-121.92,78.8,27,1,0.98,US,1602812909
320,ponta delgada,37.73,-25.67,64.4,82,40,6.93,PT,1602813046
321,honiara,-9.43,159.95,86.76,62,7,4.05,SB,1602813048
322,pendleton,45.67,-118.79,55.4,37,1,4.7,US,1602813050
323,nouadhibou,20.93,-17.03,80.6,51,0,9.17,MR,1602813051
324,dali,25.7,100.18,64.36,69,12,3.18,CN,1602813052
325,natal,-5.79,-35.21,77.0,83,20,4.7,BR,1602812763
326,seoul,37.57,126.98,53.6,71,90,3.36,KR,1602812963
327,bud,39.45,-86.18,46.4,93,1,6.51,US,1602813056
328,zalantun,48.0,122.72,42.26,60,0,12.3,CN,1602813057
329,ocampo,21.65,-101.5,62.42,60,32,13.8,MX,1602813058
330,mackay,-21.15,149.2,80.01,50,0,16.11,AU,1602813059
331,westport,41.14,-73.36,66.2,82,75,10.29,US,1602813060
332,mangrol,21.12,70.12,84.34,64,100,7.76,IN,1602813061
333,eyl,7.98,49.82,79.16,67,14,10.65,SO,1602813062
334,gimli,50.63,-96.99,32.0,99,48,10.49,CA,1602813064
335,dalvik,65.97,-18.53,26.6,92,0,2.24,IS,1602813065
336,bukama,-9.2,25.85,73.49,83,64,1.36,CD,1602813066
337,fortuna,40.6,-124.16,61.0,76,1,5.82,US,1602813067
338,santo tomas,14.11,121.14,86.0,79,40,8.05,PH,1602813069
339,vesyegonsk,58.66,37.26,37.51,86,99,6.6,RU,1602813070
340,mayo,38.89,-76.51,68.0,100,1,10.29,US,1602813071
341,xuanhua,40.61,115.04,48.72,42,0,11.97,CN,1602813073
342,quesnel,53.0,-122.5,39.2,93,90,5.82,CA,1602813074
343,eunice,30.49,-92.42,75.2,88,1,4.7,US,1602813075
344,beringovskiy,63.05,179.32,42.82,94,100,18.12,RU,1602813076
345,rodrigues alves,-7.74,-72.65,75.13,74,15,0.45,BR,1602813077
346,moerai,-22.43,-151.33,72.01,85,87,19.77,PF,1602813079
347,greece,43.21,-77.69,52.0,93,90,8.05,US,1602813023
348,mastic beach,40.77,-72.85,66.2,77,1,16.11,US,1602813081
349,guiratinga,-16.35,-53.76,76.77,69,100,8.25,BR,1602813082
350,marzuq,14.4,46.47,64.24,27,0,2.98,YE,1602813083
351,uxbridge,42.08,-71.63,62.01,87,0,9.8,US,1602813084
352,caravelas,-17.71,-39.25,73.9,90,66,3.11,BR,1602813085
353,bereda,43.27,-7.54,42.01,100,6,1.01,ES,1602813086
354,egvekinot,66.32,-179.17,34.27,100,100,12.37,RU,1602812851
355,besskorbnaya,44.64,41.31,57.0,75,74,4.12,RU,1602813089
356,chenghai,23.46,116.77,78.8,65,62,4.47,CN,1602813090
357,kavaratti,10.57,72.64,81.28,77,0,16.78,IN,1602813091
358,killybegs,54.63,-8.45,44.11,85,52,8.25,IE,1602813092
359,mazatlan,23.22,-106.42,87.01,79,5,6.93,MX,1602813067
360,monopoli,40.96,17.29,53.6,76,5,8.05,IT,1602813094
361,verkhnevilyuysk,63.45,120.32,32.45,97,100,5.1,RU,1602813095
362,mildura,-34.2,142.15,68.0,64,90,8.05,AU,1602812830
363,moussoro,13.64,16.49,86.88,51,17,12.21,TD,1602813098
364,longyearbyen,78.22,15.64,23.13,93,100,8.28,SJ,1602813099
365,rocha,-34.48,-54.33,55.74,95,100,6.06,UY,1602813100
366,touros,-5.2,-35.46,77.0,83,20,4.7,BR,1602813101
367,wenatchee,47.42,-120.31,55.4,43,40,5.82,US,1602813102
368,kuusamo,65.97,29.18,32.0,93,90,10.29,FI,1602813103
369,emerald,-23.53,148.17,79.0,41,0,10.29,AU,1602813104
370,progreso,21.28,-89.67,80.6,74,5,5.82,MX,1602813106
371,najran,17.49,44.13,62.6,23,0,2.35,SA,1602813107
372,tanda,26.55,82.65,81.43,68,0,1.41,IN,1602813108
373,broken hill,-31.95,141.43,86.0,15,75,16.11,AU,1602813109
374,antofagasta,-23.65,-70.4,59.0,82,90,9.17,CL,1602812991
375,bafoulabe,13.81,-10.83,80.67,63,2,2.51,ML,1602813111
376,williston,48.15,-103.62,37.99,58,70,1.99,US,1602813037
377,copiapo,-27.37,-70.33,55.4,76,0,9.17,CL,1602813113
378,puerto berrio,6.49,-74.4,78.19,83,96,2.59,CO,1602813115
379,mbanza-ngungu,-5.25,14.87,69.21,97,100,4.43,CD,1602813116
380,coahuayana,18.73,-103.68,79.97,88,99,1.81,MX,1602813117
381,coihaique,-45.58,-72.07,50.0,66,100,1.12,CL,1602812854
382,auki,-8.77,160.7,87.8,63,7,3.47,SB,1602812821
383,ndungu,-4.37,38.05,70.72,81,83,0.76,TZ,1602813120
384,novyy urengoy,66.08,76.63,30.02,93,100,12.75,RU,1602813121
385,zhigansk,66.77,123.37,23.0,95,99,18.66,RU,1602813122
386,bantry,51.68,-9.45,42.8,87,20,8.05,IE,1602813124
387,talaya,61.38,152.75,29.1,82,100,9.44,RU,1602813125
388,bambous virieux,-20.34,57.76,71.01,94,40,5.93,MU,1602813126
389,torbay,47.67,-52.73,57.99,100,90,10.29,CA,1602813127
390,clyde river,70.47,-68.59,33.8,100,90,17.22,CA,1602813128
391,tasiilaq,65.61,-37.64,42.8,87,100,13.87,GL,1602813129
392,salalah,17.02,54.09,77.0,73,75,4.7,OM,1602813130
393,alice springs,-23.7,133.88,93.2,15,0,14.99,AU,1602812965
394,san patricio,28.02,-97.52,81.0,83,40,17.22,US,1602813134
395,sorland,67.67,12.69,45.28,80,99,14.32,NO,1602813135
396,barcelos,41.54,-8.62,53.01,93,0,3.36,PT,1602813136
397,turiacu,-1.66,-45.37,77.23,85,93,5.91,BR,1602813139
398,malhargarh,24.28,74.98,78.55,66,7,9.17,IN,1602813140
399,mount isa,-20.73,139.5,89.6,24,0,14.99,AU,1602813141
400,whitehorse,60.72,-135.05,39.0,69,75,9.17,CA,1602812957
401,port hardy,50.7,-127.42,46.4,100,90,27.51,CA,1602813143
402,praya,14.92,-23.51,78.8,94,40,9.17,CV,1602813144
403,souillac,-20.52,57.52,69.8,94,40,5.79,MU,1602813006
404,nyagan,62.14,65.39,37.04,86,100,10.11,RU,1602813146
405,boffa,10.17,-14.03,75.83,93,97,2.98,GN,1602813148
406,mpongwe,-13.51,28.16,63.5,75,0,5.39,ZM,1602813149
407,dabat,12.98,37.77,52.3,85,31,3.2,ET,1602813150
408,synya,65.37,58.04,29.28,94,100,4.47,RU,1602813151
409,kimbe,-5.55,150.14,89.62,61,50,4.27,PG,1602813152
410,okha,53.57,142.95,36.95,74,100,22.68,RU,1602813153
411,koumac,-20.57,164.28,70.93,85,100,8.37,NC,1602813154
412,praia da vitoria,38.73,-27.07,68.0,94,75,5.53,PT,1602813155
413,coutances,49.05,-1.43,52.0,76,2,8.05,FR,1602813156
414,sturgis,41.8,-85.42,44.01,87,40,7.4,US,1602813124
415,frederick,39.47,-77.4,68.0,77,75,3.36,US,1602813159
416,chernyshevskiy,63.01,112.47,20.1,87,0,12.97,RU,1602813160
417,cristalina,-16.77,-47.61,69.37,68,86,1.7,BR,1602813161
418,banda aceh,5.56,95.32,84.74,64,98,12.71,ID,1602813162
419,andra,62.51,65.89,34.11,91,100,11.61,RU,1602813163
420,rambha,19.52,85.1,81.93,84,20,3.85,IN,1602813164
421,bernau,52.68,13.59,48.99,52,43,5.01,DE,1602813167
422,pokhara,28.23,83.98,74.28,54,2,0.29,NP,1602813168
423,muli,2.92,73.57,82.58,78,70,18.86,MV,1602813169
424,rudnogorsk,57.26,103.75,25.47,93,81,12.46,RU,1602813170
425,college,64.86,-147.8,23.0,62,75,6.93,US,1602813171
426,khani,41.96,42.96,53.6,93,0,3.36,GE,1602813172
427,santa marta,11.24,-74.2,84.99,76,9,8.01,CO,1602812988
428,lokosovo,61.13,74.82,31.05,94,100,10.89,RU,1602813174
429,san quintin,30.48,-115.95,74.17,54,0,5.28,MX,1602813175
430,hofn,64.25,-15.21,45.12,80,15,2.28,IS,1602813177
431,port hedland,-20.32,118.57,98.6,13,0,8.05,AU,1602813179
432,colac,-38.33,143.58,55.99,71,0,1.01,AU,1602813180
433,olafsvik,64.89,-23.71,47.44,74,79,5.01,IS,1602813181
434,port blair,11.67,92.75,81.59,81,100,11.07,IN,1602813182
435,isangel,-19.55,169.27,80.6,83,90,13.29,VU,1602813183
436,bonfim,3.08,-59.95,81.23,63,3,4.54,BR,1602813185
437,laguna,38.42,-121.42,89.6,11,1,4.7,US,1602813186
438,kununurra,-15.77,128.73,91.4,46,0,8.05,AU,1602813187
439,leningradskiy,69.38,178.42,35.85,89,100,17.81,RU,1602813188
440,kirakira,-10.45,161.92,84.27,73,25,7.65,SB,1602813189
441,kawalu,-7.38,108.21,77.4,81,89,4.18,ID,1602813190
442,kelowna,49.88,-119.49,51.8,57,90,3.36,CA,1602813188
443,husavik,66.04,-17.34,26.6,92,0,2.24,IS,1602813192
444,zapolyarnyy,69.42,30.81,35.6,80,100,25.28,RU,1602813195
445,kirillov,59.86,38.38,35.6,93,75,4.47,RU,1602813196
446,ouadda,8.08,22.4,68.47,88,94,3.96,CF,1602813197
447,coquimbo,-29.95,-71.34,55.4,87,90,5.82,CL,1602813015
448,mount pleasant,32.79,-79.86,75.99,100,75,4.7,US,1602813177
449,sola,-13.88,167.55,79.74,81,46,11.45,VU,1602813200
450,hasaki,35.73,140.83,59.0,67,75,13.87,JP,1602812925
451,stromness,58.97,-3.3,48.2,81,68,11.41,GB,1602813202
452,santa cruz,-17.8,-63.17,78.8,61,75,13.87,BO,1602813031
453,oume,35.78,139.24,63.0,62,20,8.05,JP,1602813205
454,fethiye,36.62,29.12,59.0,82,0,4.7,TR,1602813207
455,matay,28.42,30.78,69.37,87,0,13.49,EG,1602813209
456,fort pierce,27.45,-80.33,82.99,94,1,4.7,US,1602813210
457,tombouctou,20.0,-3.0,91.58,15,0,7.74,ML,1602813211
458,sibsagar,26.98,94.63,78.8,94,40,3.36,IN,1602813212
459,dubbo,-32.25,148.62,77.0,23,100,4.7,AU,1602813214
460,lagoa,39.05,-27.98,68.11,86,86,14.23,PT,1602813215
461,neya,58.3,43.87,41.02,84,98,6.67,RU,1602813216
462,kenai,60.55,-151.26,46.4,65,1,5.82,US,1602813217
463,faya,18.39,42.45,57.2,17,0,5.01,SA,1602813218
464,kutum,14.2,24.67,75.09,19,0,10.18,SD,1602813219
465,erzin,36.96,36.2,75.99,77,48,1.74,TR,1602813220
466,aljezur,37.32,-8.8,45.0,90,37,7.83,PT,1602813221
467,plaisance-du-touch,43.57,1.3,44.6,87,43,10.29,FR,1602813223
468,tsabong,-26.02,22.4,74.53,28,0,10.25,BW,1602813225
469,puerto madero,14.72,-92.42,77.0,100,40,6.26,MX,1602813227
470,vryburg,-26.96,24.73,66.09,31,0,7.61,ZA,1602813228
471,shieli,44.17,66.75,53.2,42,0,10.71,KZ,1602813229
472,manaquiri,-3.32,-60.35,80.6,74,0,2.24,BR,1602813230
473,escanaba,45.75,-87.06,30.99,92,1,3.8,US,1602813231
474,kalmunai,7.42,81.82,81.91,68,94,2.64,LK,1602813233
475,springfield,37.22,-93.3,48.99,42,1,9.17,US,1602813234
476,bichena,10.45,38.2,51.26,88,30,3.83,ET,1602813235
477,savannah bight,16.45,-85.85,84.0,73,26,7.72,HN,1602813236
478,saint-augustin,51.23,-58.65,45.12,84,28,10.0,CA,1602813237
479,hammerfest,70.66,23.68,35.6,93,100,9.17,NO,1602813238
480,rio gallegos,-51.62,-69.22,53.6,32,97,11.41,AR,1602813222
481,kieta,-6.22,155.63,84.31,69,90,3.98,PG,1602813241
482,puerto del rosario,28.5,-13.86,71.6,78,75,13.87,ES,1602813242
483,nzerekore,7.76,-8.82,68.76,99,78,0.94,GN,1602813245
484,yeppoon,-23.13,150.73,80.6,44,6,6.93,AU,1602813246
485,narsaq,60.92,-46.05,39.18,72,100,2.1,GL,1602813247
486,namibe,-15.2,12.15,69.53,75,60,5.77,AO,1602813248
487,jiuquan,39.74,98.52,44.28,52,0,3.11,CN,1602813249
488,dubti,11.74,41.09,85.01,40,0,9.78,ET,1602813251
489,affery,6.32,-3.96,71.91,98,100,1.72,CI,1602813252
490,paita,-5.09,-81.11,63.91,87,13,8.77,PE,1602813253
491,alindao,5.03,21.21,68.7,95,99,1.61,CF,1602813254
492,atagay,55.1,99.39,33.84,86,97,12.77,RU,1602813255
493,miguel calmon,-11.43,-40.59,69.21,60,0,3.36,BR,1602813257
494,taltal,-25.4,-70.48,57.18,77,35,2.08,CL,1602813258
495,chilca,-12.52,-76.74,64.4,77,90,10.29,PE,1602813260
496,sterling,39.01,-77.43,70.0,77,1,9.17,US,1602813261
497,tomatlan,19.93,-105.25,79.83,88,3,1.25,MX,1602813262
498,nhlangano,-27.12,31.2,60.04,71,0,2.8,SZ,1602813263
499,takoradi,4.88,-1.76,76.01,90,54,7.31,GH,1602813264
500,shestakovo,56.49,103.96,30.06,95,100,14.65,RU,1602813087
501,orimattila,60.8,25.73,39.0,95,39,4.85,FI,1602813266
502,ca mau,9.18,105.15,81.48,85,97,11.32,VN,1602813268
503,milkovo,54.72,158.62,44.6,57,42,12.15,RU,1602813270
504,hervey bay,-25.3,152.85,82.0,39,0,13.87,AU,1602813271
505,borovskoy,53.8,64.15,48.33,51,90,13.56,KZ,1602813273
506,nortelandia,-14.45,-56.8,74.59,70,100,3.96,BR,1602813274
507,potchefstroom,-26.72,27.1,64.49,43,0,5.3,ZA,1602813275
508,lata,40.16,-8.33,46.0,89,52,2.89,PT,1602813276
509,bergerac,44.83,0.5,44.6,93,90,4.7,FR,1602813277
510,pasighat,28.07,95.33,82.78,58,0,0.74,IN,1602813279
511,verkhoyansk,67.54,133.38,14.97,91,29,3.38,RU,1602813280
512,clydebank,55.9,-4.41,46.0,81,90,5.82,GB,1602813271
513,humberto de campos,-2.6,-43.46,77.83,85,3,5.91,BR,1602813282
514,derzhavinsk,51.1,66.32,47.97,51,57,9.28,KZ,1602813283
515,urumqi,43.8,87.6,46.4,49,0,4.47,CN,1602813284
516,umm kaddadah,13.6,26.69,84.42,16,0,3.58,SD,1602813285
517,santa maria do suacui,-18.19,-42.41,70.07,94,100,5.21,BR,1602813286
518,pudozh,61.81,36.53,34.03,92,58,5.57,RU,1602813287
519,vestmanna,62.16,-7.17,42.8,81,89,1.97,FO,1602813289
520,severo-kurilsk,50.68,156.12,43.36,63,75,26.06,RU,1602813290
521,samarai,-10.62,150.67,79.83,80,10,11.39,PG,1602813291
522,bonthe,7.53,-12.51,78.24,85,91,6.38,SL,1602813292
523,taoudenni,22.68,-3.98,85.93,14,0,10.45,ML,1602813293
524,veseloyarsk,51.28,81.11,44.13,65,86,5.08,RU,1602813294
525,owosso,43.0,-84.18,44.01,81,40,6.93,US,1602813089
526,turukhansk,65.82,87.98,24.96,98,99,9.06,RU,1602813296
527,lannion,48.75,-3.42,50.0,93,55,2.24,FR,1602813298
528,saint-francois,46.42,3.91,46.99,93,90,6.93,FR,1602813300
529,iracoubo,5.48,-53.2,80.56,80,14,12.41,GF,1602813301
530,lungi,9.22,-12.68,74.79,97,99,4.7,SL,1602813302
531,pundaguitan,6.37,126.17,83.25,73,100,6.02,PH,1602813303
532,sao domingos do maranhao,-5.58,-44.39,84.34,31,71,2.46,BR,1602813304
533,ivdel,60.69,60.42,41.59,84,91,8.46,RU,1602813305
534,bitung,1.45,125.18,86.0,74,20,2.24,ID,1602813307
535,luchegorsk,46.48,134.26,44.11,57,0,8.39,RU,1602813308
536,oranjestad,12.52,-70.03,84.2,74,20,13.87,AW,1602813058
537,muravlenko,63.79,74.52,30.27,94,100,13.96,RU,1602813310
538,kumta,14.42,74.4,78.69,86,24,9.89,IN,1602813311
539,margate,51.38,1.39,50.0,76,64,1.99,GB,1602813156
540,beloha,-25.17,45.05,64.27,94,32,7.54,MG,1602813060
541,kholmogory,64.22,41.66,32.0,96,75,2.24,RU,1602813314
542,altay,47.87,88.12,38.89,61,98,4.34,CN,1602813315
543,ternate,0.8,127.4,83.14,71,99,3.47,ID,1602813317
544,keuruu,62.27,24.7,35.6,93,75,6.93,FI,1602813318
545,saryozek,44.36,77.98,44.96,55,0,2.04,KZ,1602813319
546,dolinsk,47.35,142.8,51.8,40,40,13.42,RU,1602813320
547,pinheiro machado,-31.58,-53.38,55.0,97,17,18.99,BR,1602813321
548,fuerte olimpo,-21.04,-57.87,73.54,85,11,4.56,PY,1602813322
549,birjand,32.87,59.22,39.2,18,0,4.7,IR,1602813323
550,gunjur,13.2,-16.73,78.8,100,40,7.56,GM,1602813324
551,burnie,-41.07,145.92,52.0,47,99,7.0,AU,1602813326
552,peterhead,57.51,-1.8,50.0,93,90,9.17,GB,1602813327
553,miraflores,19.22,-98.81,73.0,35,20,16.11,MX,1602813328
554,show low,34.25,-110.03,68.0,15,1,3.36,US,1602813329
555,tual,-5.67,132.75,81.81,80,33,16.04,ID,1602813330
556,eureka,40.8,-124.16,66.0,75,0,1.01,US,1602813331
557,muros,42.78,-9.06,46.0,88,12,1.01,ES,1602813332
558,tacuati,-23.45,-56.58,69.85,96,11,2.3,PY,1602813333
559,imola,44.35,11.72,50.0,94,100,4.0,IT,1602813274
560,tecoanapa,16.52,-98.75,81.16,82,71,3.71,MX,1602813336
561,sur,22.57,59.53,78.57,55,0,13.71,OM,1602813337
562,jiwani,25.05,61.74,75.87,25,0,17.45,PK,1602813338
563,tabas,33.6,56.92,55.4,17,0,2.24,IR,1602813339
564,aleppo,36.25,37.5,62.78,92,0,10.54,SY,1602813340
565,honjo,36.23,139.18,61.0,53,44,6.62,JP,1602813341
566,buchanan,5.88,-10.05,76.96,87,88,2.3,LR,1602813342
567,srednekolymsk,67.45,153.68,32.04,99,100,7.23,RU,1602813343
568,sebezh,56.3,28.47,40.06,87,100,4.18,RU,1602813346
569,matagami,49.75,-77.63,41.0,93,90,14.99,CA,1602813347
570,naryan-mar,67.67,53.09,29.89,95,98,5.64,RU,1602813348
571,puerto ayacucho,5.66,-67.62,77.58,83,26,2.26,VE,1602813349
572,flinders,-34.58,150.86,63.0,83,100,1.01,AU,1602813350
573,grand forks,47.94,-97.43,37.4,43,1,8.05,US,1602813352
574,mhasla,18.13,73.12,76.66,93,90,8.25,IN,1602813353
575,malayal,7.21,121.94,84.2,79,75,3.36,PH,1602813355
576,lieksa,63.32,30.02,35.64,86,98,8.3,FI,1602813356
577,kamenka,51.32,42.77,51.01,73,100,4.59,RU,1602813357
578,jiayuguan,39.82,98.3,43.92,52,0,5.86,CN,1602813359
579,cordoba,-31.41,-64.18,70.0,76,6,8.05,AR,1602813267
580,north bend,43.41,-124.22,60.8,72,1,10.29,US,1602813282
581,troyes,48.33,4.08,48.2,87,90,8.05,FR,1602813363
582,klaksvik,62.23,-6.59,42.8,81,81,2.73,FO,1602813365
583,asau,46.43,26.4,48.0,88,47,4.5,RO,1602813366
584,moram,17.8,76.47,70.36,93,100,8.79,IN,1602813367
585,terrace,54.52,-128.6,39.2,100,90,4.7,CA,1602813354
586,sao joao da barra,-21.64,-41.05,72.41,84,82,8.28,BR,1602813369
587,green river,41.53,-109.47,41.0,30,1,17.22,US,1602813370
